Max Wu <jackymaxj@gmail.com>                 Wu Cheng-Han <jacky_cute0808@hotmail.com>
Max Wu <jackymaxj@gmail.com>                 Cheng-Han, Wu <jackymaxj@gmail.com>
Max Wu <jackymaxj@gmail.com>                 jackycute <jackymaxj@gmail.com>
Max Wu <jackymaxj@gmail.com>                 Wu, Cheng-Han <jackymaxj@gmail.com>
Max Wu <jackymaxj@gmail.com>                 jackycute <jacky_cute0808@hotmail.com>

Christoph (Sheogorath) Kern <sheogorath@shivering-isles.com> Sheogorath <sheogorath@shivering-isles.com>

Raccoon <raccoon@hackmd.io>                  Raccoon Li <a60814billy@gmail.com>
Raccoon <raccoon@hackmd.io>                  Raccoon <a60814billy@gmail.com>

Peter Dave Hello <hsu@peterdavehello.org>    Peter Dave Hello <PeterDaveHello@users.noreply.github.com>

Claudius Coenen <github@amenthes.de>         Claudius Coenen <opensource@amenthes.de>
Claudius Coenen <github@amenthes.de>         Claudius <opensource@amenthes.de>

David Mehren <git@herrmehren.de>             David Mehren <dmehren1@gmail.com>
David Mehren <git@herrmehren.de>             David Mehren <davidmehren@users.noreply.github.com>

mcnesium <git@mcnesium.com>                  mcnesium <mcnesium@users.noreply.github.com>

Sandro Jäckel <sandro.jaeckel@gmail.com>     Sandro <sandro.jaeckel@gmail.com>

Tilman Vatteroth <tilman.vatteroth@tu-dortmund.de> mrdrogdrog <tilman.vatteroth@tu-dortmund.de>

Erik Michelson <github@erik.michelson.eu>    Erik Michelson <erik@liltv.de>

Jonas Zohren <jonas.zohren@tu-dortmund.de>   Jonas Zohren <15788906+jfowl@users.noreply.github.com>

Philip Molares <philip.molares@udo.edu>      Philip Molares <git@molar.es>
